ANIME,URL
NEW,2018-11-14 17:09:25
CONCEPTION 為我而生(產子救世錄) [06],https://anime1.me/7257
強風吹拂 [07],https://anime1.me/7256
東京喰種:re 第二季 [06],https://anime1.me/7255
黑色五葉草 [58],https://anime1.me/7253
軒轅劍 蒼之曜 [07],https://anime1.me/7251
宇宙戰艦提拉米斯 第二季 [07],https://anime1.me/7248
蒼天之拳 REGENESIS 第二季 [07],https://anime1.me/7247
黃金神威 第二季 [06],https://anime1.me/7246
關於我轉生變成史萊姆這檔事 [07],https://anime1.me/7245
夕照少女(茜色少女) [06],https://anime1.me/7244
ALL, 
尤利西斯 貞德與鍊金騎士,https://anime1.me//?cat=429
嫁給非人類,https://anime1.me//?cat=411
天空與海洋之間,https://anime1.me//?cat=413
學園BASARA,None
隔壁的吸血鬼美眉,https://anime1.me//?cat=415
Radiant 虛空魔境,https://anime1.me//?cat=425
末班車後，在膠囊旅館向上司傳遞微熱的夜晚。,https://anime1.me//?cat=446
RErideD -穿越時空的德希達-,https://anime1.me//?cat=412
BAKUMATSU,None
終將成為妳,https://anime1.me//?cat=416
SSSS.GRIDMAN,https://anime1.me//?cat=426
Anima Yell!,https://anime1.me//?cat=430
偶像大師 SideM 有理由Mini！,None
青春豬頭少年不會夢到兔女郎學姊,https://anime1.me//?cat=402
傀儡馬戲團,https://anime1.me//?cat=438
火之丸相撲,https://anime1.me//?cat=418
刀劍神域 Alicization (第三季),https://anime1.me//?cat=404
書店裡的骷髏店員本田,https://anime1.me//?cat=431
我喜歡的妹妹不是妹妹,https://anime1.me//?cat=437
梅露可物語 -無氣力少年與瓶中少女-,https://anime1.me//?cat=444
魔法禁書目錄Ⅲ (第三季),https://anime1.me//?cat=403
哥布林殺手,https://anime1.me//?cat=427
不受歡迎之家,https://anime1.me//?cat=435
只要別西卜大小姐喜歡就好,https://anime1.me//?cat=440
叛逆性百萬亞瑟王,https://anime1.me//?cat=452
錢進球場 第二季,https://anime1.me//?cat=417
RELEASE THE SPYCE (月影特工),https://anime1.me//?cat=428
弦音－風舞高中弓道部－,https://anime1.me//?cat=451
中間管理錄利根川,https://anime1.me//?cat=362
INGRESS THE ANIMATION,https://anime1.me//?cat=450
偶像學園Friends！,https://anime1.me//?cat=314
我讓最想被擁抱的男人給威脅了,https://anime1.me//?cat=423
DOUBLE DECKER! 道格&西里爾,https://anime1.me//?cat=400
能繼續奔跑下去真是太好了。,https://anime1.me//?cat=439
爆釣 Bar Hunter,https://anime1.me//?cat=408
佐賀偶像是傳奇(ZombieLand SAGA),https://anime1.me//?cat=414
JoJo的奇妙冒險 黃金之風,https://anime1.me//?cat=420
HUG！光之美少女,https://anime1.me//?cat=292
Banana Fish(戰慄殺機),https://anime1.me//?cat=370
我家的女僕有夠煩！,https://anime1.me//?cat=419
閃亮 美妙☆頻道,https://anime1.me//?cat=333
BanG Dream! Girls Band Party!☆PICO,https://anime1.me//?cat=382
寄宿學校的茱麗葉,https://anime1.me//?cat=422
咯咯咯鬼太郎 第六季,https://anime1.me//?cat=327
來自繽紛世界的明日,https://anime1.me//?cat=421
刃牙 死囚篇,https://anime1.me//?cat=356
逆轉裁判 Season2 (第二季),https://anime1.me//?cat=424
閃亂神樂 SHINOVI MASTER -東京妖魔篇- (第二季),https://anime1.me//?cat=445
